Reference Summary Path,Our Summary Path, Total_Words_Reference, Total_Words_Our, Match, N, Precision, Recall, FMeasure
/Users/himanshujindal/Downloads/Summaries - Multi-Doc Split/Benchmark/d01aa.txt,/Users/himanshujindal/Downloads/Summaries - Multi-Doc Split/Summaries/Gen_sum/doc01.txt,399,1001,254,1,25.374625374625374,63.659147869674186,36.285714285714285,
/Users/himanshujindal/Downloads/Summaries - Multi-Doc Split/Benchmark/d01aa.txt,/Users/himanshujindal/Downloads/Summaries - Multi-Doc Split/Summaries/Gen_sum/doc01.txt,398,1000,59,2,5.9,14.824120603015075,8.440629470672391,
/Users/himanshujindal/Downloads/Summaries - Multi-Doc Split/Benchmark/d01aa.txt,/Users/himanshujindal/Downloads/Summaries - Multi-Doc Split/Summaries/Gen_sum/doc01.txt,397,999,14,3,1.4014014014014013,3.526448362720403,2.005730659025788,
/Users/himanshujindal/Downloads/Summaries - Multi-Doc Split/Benchmark/d02aa.txt,/Users/himanshujindal/Downloads/Summaries - Multi-Doc Split/Summaries/Gen_sum/doc02.txt,398,1370,218,1,15.912408759124087,54.77386934673367,24.660633484162897,
/Users/himanshujindal/Downloads/Summaries - Multi-Doc Split/Benchmark/d02aa.txt,/Users/himanshujindal/Downloads/Summaries - Multi-Doc Split/Summaries/Gen_sum/doc02.txt,397,1369,47,2,3.4331628926223523,11.838790931989925,5.322763306908268,
/Users/himanshujindal/Downloads/Summaries - Multi-Doc Split/Benchmark/d02aa.txt,/Users/himanshujindal/Downloads/Summaries - Multi-Doc Split/Summaries/Gen_sum/doc02.txt,396,1368,14,3,1.023391812865497,3.5353535353535355,1.5873015873015872,
/Users/himanshujindal/Downloads/Summaries - Multi-Doc Split/Benchmark/d03aa.txt,/Users/himanshujindal/Downloads/Summaries - Multi-Doc Split/Summaries/Gen_sum/doc03.txt,398,443,162,1,36.56884875846501,40.7035175879397,38.525564803805,
/Users/himanshujindal/Downloads/Summaries - Multi-Doc Split/Benchmark/d03aa.txt,/Users/himanshujindal/Downloads/Summaries - Multi-Doc Split/Summaries/Gen_sum/doc03.txt,397,442,27,2,6.108597285067873,6.801007556675063,6.4362336114421925,
/Users/himanshujindal/Downloads/Summaries - Multi-Doc Split/Benchmark/d03aa.txt,/Users/himanshujindal/Downloads/Summaries - Multi-Doc Split/Summaries/Gen_sum/doc03.txt,396,441,5,3,1.1337868480725624,1.2626262626262625,1.194743130227001,
/Users/himanshujindal/Downloads/Summaries - Multi-Doc Split/Benchmark/d04aa.txt,/Users/himanshujindal/Downloads/Summaries - Multi-Doc Split/Summaries/Gen_sum/doc04.txt,398,164,77,1,46.951219512195124,19.34673366834171,27.402135231316727,
/Users/himanshujindal/Downloads/Summaries - Multi-Doc Split/Benchmark/d04aa.txt,/Users/himanshujindal/Downloads/Summaries - Multi-Doc Split/Summaries/Gen_sum/doc04.txt,397,163,17,2,10.429447852760736,4.282115869017632,6.071428571428572,
/Users/himanshujindal/Downloads/Summaries - Multi-Doc Split/Benchmark/d04aa.txt,/Users/himanshujindal/Downloads/Summaries - Multi-Doc Split/Summaries/Gen_sum/doc04.txt,396,162,5,3,3.0864197530864197,1.2626262626262625,1.7921146953405016,
/Users/himanshujindal/Downloads/Summaries - Multi-Doc Split/Benchmark/d05aa.txt,/Users/himanshujindal/Downloads/Summaries - Multi-Doc Split/Summaries/Gen_sum/doc05.txt,403,402,162,1,40.298507462686565,40.1985111662531,40.24844720496895,
/Users/himanshujindal/Downloads/Summaries - Multi-Doc Split/Benchmark/d05aa.txt,/Users/himanshujindal/Downloads/Summaries - Multi-Doc Split/Summaries/Gen_sum/doc05.txt,402,401,32,2,7.980049875311721,7.960199004975125,7.970112079701122,
/Users/himanshujindal/Downloads/Summaries - Multi-Doc Split/Benchmark/d05aa.txt,/Users/himanshujindal/Downloads/Summaries - Multi-Doc Split/Summaries/Gen_sum/doc05.txt,401,400,3,3,0.75,0.7481296758104738,0.7490636704119851,
/Users/himanshujindal/Downloads/Summaries - Multi-Doc Split/Benchmark/d06aa.txt,/Users/himanshujindal/Downloads/Summaries - Multi-Doc Split/Summaries/Gen_sum/doc06.txt,394,898,205,1,22.828507795100222,52.03045685279188,31.733746130030962,
/Users/himanshujindal/Downloads/Summaries - Multi-Doc Split/Benchmark/d06aa.txt,/Users/himanshujindal/Downloads/Summaries - Multi-Doc Split/Summaries/Gen_sum/doc06.txt,393,897,51,2,5.68561872909699,12.977099236641221,7.906976744186046,
/Users/himanshujindal/Downloads/Summaries - Multi-Doc Split/Benchmark/d06aa.txt,/Users/himanshujindal/Downloads/Summaries - Multi-Doc Split/Summaries/Gen_sum/doc06.txt,392,896,20,3,2.232142857142857,5.1020408163265305,3.1055900621118013,
/Users/himanshujindal/Downloads/Summaries - Multi-Doc Split/Benchmark/d07bb.txt,/Users/himanshujindal/Downloads/Summaries - Multi-Doc Split/Summaries/Gen_sum/doc07.txt,403,356,135,1,37.92134831460674,33.49875930521092,35.573122529644266,
/Users/himanshujindal/Downloads/Summaries - Multi-Doc Split/Benchmark/d07bb.txt,/Users/himanshujindal/Downloads/Summaries - Multi-Doc Split/Summaries/Gen_sum/doc07.txt,402,355,18,2,5.070422535211268,4.477611940298507,4.7556142668428,
/Users/himanshujindal/Downloads/Summaries - Multi-Doc Split/Benchmark/d07bb.txt,/Users/himanshujindal/Downloads/Summaries - Multi-Doc Split/Summaries/Gen_sum/doc07.txt,401,354,1,3,0.2824858757062147,0.24937655860349128,0.2649006622516556,
/Users/himanshujindal/Downloads/Summaries - Multi-Doc Split/Benchmark/d08bb.txt,/Users/himanshujindal/Downloads/Summaries - Multi-Doc Split/Summaries/Gen_sum/doc08.txt,401,357,143,1,40.056022408963585,35.66084788029925,37.73087071240106,
/Users/himanshujindal/Downloads/Summaries - Multi-Doc Split/Benchmark/d08bb.txt,/Users/himanshujindal/Downloads/Summaries - Multi-Doc Split/Summaries/Gen_sum/doc08.txt,400,356,16,2,4.49438202247191,4.0,4.232804232804233,
/Users/himanshujindal/Downloads/Summaries - Multi-Doc Split/Benchmark/d08bb.txt,/Users/himanshujindal/Downloads/Summaries - Multi-Doc Split/Summaries/Gen_sum/doc08.txt,399,355,0,3,0.0,0.0,NaN,
/Users/himanshujindal/Downloads/Summaries - Multi-Doc Split/Benchmark/d09bb.txt,/Users/himanshujindal/Downloads/Summaries - Multi-Doc Split/Summaries/Gen_sum/doc09.txt,402,1455,255,1,17.52577319587629,63.43283582089552,27.463651050080774,
/Users/himanshujindal/Downloads/Summaries - Multi-Doc Split/Benchmark/d09bb.txt,/Users/himanshujindal/Downloads/Summaries - Multi-Doc Split/Summaries/Gen_sum/doc09.txt,401,1454,56,2,3.8514442916093534,13.965087281795512,6.037735849056603,
/Users/himanshujindal/Downloads/Summaries - Multi-Doc Split/Benchmark/d09bb.txt,/Users/himanshujindal/Downloads/Summaries - Multi-Doc Split/Summaries/Gen_sum/doc09.txt,400,1453,9,3,0.6194081211286993,2.25,0.9713977334052888,
/Users/himanshujindal/Downloads/Summaries - Multi-Doc Split/Benchmark/d10bb.txt,/Users/himanshujindal/Downloads/Summaries - Multi-Doc Split/Summaries/Gen_sum/doc10.txt,402,504,183,1,36.30952380952381,45.52238805970149,40.39735099337748,
/Users/himanshujindal/Downloads/Summaries - Multi-Doc Split/Benchmark/d10bb.txt,/Users/himanshujindal/Downloads/Summaries - Multi-Doc Split/Summaries/Gen_sum/doc10.txt,401,503,42,2,8.34990059642147,10.473815461346634,9.29203539823009,
/Users/himanshujindal/Downloads/Summaries - Multi-Doc Split/Benchmark/d10bb.txt,/Users/himanshujindal/Downloads/Summaries - Multi-Doc Split/Summaries/Gen_sum/doc10.txt,400,502,10,3,1.9920318725099602,2.5,2.2172949002217295,
/Users/himanshujindal/Downloads/Summaries - Multi-Doc Split/Benchmark/d11bb.txt,/Users/himanshujindal/Downloads/Summaries - Multi-Doc Split/Summaries/Gen_sum/doc11.txt,406,215,101,1,46.97674418604651,24.876847290640395,32.52818035426731,
/Users/himanshujindal/Downloads/Summaries - Multi-Doc Split/Benchmark/d11bb.txt,/Users/himanshujindal/Downloads/Summaries - Multi-Doc Split/Summaries/Gen_sum/doc11.txt,405,214,40,2,18.69158878504673,9.876543209876543,12.924071082390952,
/Users/himanshujindal/Downloads/Summaries - Multi-Doc Split/Benchmark/d11bb.txt,/Users/himanshujindal/Downloads/Summaries - Multi-Doc Split/Summaries/Gen_sum/doc11.txt,404,213,25,3,11.737089201877934,6.188118811881188,8.103727714748786,
/Users/himanshujindal/Downloads/Summaries - Multi-Doc Split/Benchmark/d12bb.txt,/Users/himanshujindal/Downloads/Summaries - Multi-Doc Split/Summaries/Gen_sum/doc12.txt,405,265,104,1,39.24528301886792,25.679012345679013,31.044776119402982,
/Users/himanshujindal/Downloads/Summaries - Multi-Doc Split/Benchmark/d12bb.txt,/Users/himanshujindal/Downloads/Summaries - Multi-Doc Split/Summaries/Gen_sum/doc12.txt,404,264,7,2,2.6515151515151514,1.7326732673267327,2.095808383233533,
/Users/himanshujindal/Downloads/Summaries - Multi-Doc Split/Benchmark/d12bb.txt,/Users/himanshujindal/Downloads/Summaries - Multi-Doc Split/Summaries/Gen_sum/doc12.txt,403,263,0,3,0.0,0.0,NaN,
/Users/himanshujindal/Downloads/Summaries - Multi-Doc Split/Benchmark/d13cc.txt,/Users/himanshujindal/Downloads/Summaries - Multi-Doc Split/Summaries/Gen_sum/doc13.txt,371,624,180,1,28.846153846153847,48.517520215633425,36.18090452261307,
/Users/himanshujindal/Downloads/Summaries - Multi-Doc Split/Benchmark/d13cc.txt,/Users/himanshujindal/Downloads/Summaries - Multi-Doc Split/Summaries/Gen_sum/doc13.txt,370,623,39,2,6.260032102728732,10.54054054054054,7.854984894259817,
/Users/himanshujindal/Downloads/Summaries - Multi-Doc Split/Benchmark/d13cc.txt,/Users/himanshujindal/Downloads/Summaries - Multi-Doc Split/Summaries/Gen_sum/doc13.txt,369,622,9,3,1.4469453376205788,2.4390243902439024,1.8163471241170535,
/Users/himanshujindal/Downloads/Summaries - Multi-Doc Split/Benchmark/d14cc.txt,/Users/himanshujindal/Downloads/Summaries - Multi-Doc Split/Summaries/Gen_sum/doc14.txt,375,291,121,1,41.580756013745706,32.266666666666666,36.336336336336345,
/Users/himanshujindal/Downloads/Summaries - Multi-Doc Split/Benchmark/d14cc.txt,/Users/himanshujindal/Downloads/Summaries - Multi-Doc Split/Summaries/Gen_sum/doc14.txt,374,290,26,2,8.96551724137931,6.951871657754011,7.831325301204819,
/Users/himanshujindal/Downloads/Summaries - Multi-Doc Split/Benchmark/d14cc.txt,/Users/himanshujindal/Downloads/Summaries - Multi-Doc Split/Summaries/Gen_sum/doc14.txt,373,289,5,3,1.7301038062283738,1.3404825737265416,1.5105740181268883,
/Users/himanshujindal/Downloads/Summaries - Multi-Doc Split/Benchmark/d15cc.txt,/Users/himanshujindal/Downloads/Summaries - Multi-Doc Split/Summaries/Gen_sum/doc15.txt,385,241,115,1,47.71784232365145,29.87012987012987,36.74121405750799,
/Users/himanshujindal/Downloads/Summaries - Multi-Doc Split/Benchmark/d15cc.txt,/Users/himanshujindal/Downloads/Summaries - Multi-Doc Split/Summaries/Gen_sum/doc15.txt,384,240,20,2,8.333333333333334,5.208333333333333,6.41025641025641,
/Users/himanshujindal/Downloads/Summaries - Multi-Doc Split/Benchmark/d15cc.txt,/Users/himanshujindal/Downloads/Summaries - Multi-Doc Split/Summaries/Gen_sum/doc15.txt,383,239,5,3,2.092050209205021,1.3054830287206267,1.6077170418006432,
/Users/himanshujindal/Downloads/Summaries - Multi-Doc Split/Benchmark/d16cc.txt,/Users/himanshujindal/Downloads/Summaries - Multi-Doc Split/Summaries/Gen_sum/doc16.txt,406,327,146,1,44.64831804281346,35.960591133004925,39.83628922237381,
/Users/himanshujindal/Downloads/Summaries - Multi-Doc Split/Benchmark/d16cc.txt,/Users/himanshujindal/Downloads/Summaries - Multi-Doc Split/Summaries/Gen_sum/doc16.txt,405,326,35,2,10.736196319018404,8.641975308641975,9.575923392612859,
/Users/himanshujindal/Downloads/Summaries - Multi-Doc Split/Benchmark/d16cc.txt,/Users/himanshujindal/Downloads/Summaries - Multi-Doc Split/Summaries/Gen_sum/doc16.txt,404,325,7,3,2.1538461538461537,1.7326732673267327,1.9204389574759944,
/Users/himanshujindal/Downloads/Summaries - Multi-Doc Split/Benchmark/d17cc.txt,/Users/himanshujindal/Downloads/Summaries - Multi-Doc Split/Summaries/Gen_sum/doc17.txt,396,317,127,1,40.063091482649845,32.07070707070707,35.6241234221599,
/Users/himanshujindal/Downloads/Summaries - Multi-Doc Split/Benchmark/d17cc.txt,/Users/himanshujindal/Downloads/Summaries - Multi-Doc Split/Summaries/Gen_sum/doc17.txt,395,316,26,2,8.227848101265822,6.582278481012659,7.313642756680731,
/Users/himanshujindal/Downloads/Summaries - Multi-Doc Split/Benchmark/d17cc.txt,/Users/himanshujindal/Downloads/Summaries - Multi-Doc Split/Summaries/Gen_sum/doc17.txt,394,315,6,3,1.9047619047619047,1.5228426395939085,1.6925246826516218,
/Users/himanshujindal/Downloads/Summaries - Multi-Doc Split/Benchmark/d18cc.txt,/Users/himanshujindal/Downloads/Summaries - Multi-Doc Split/Summaries/Gen_sum/doc18.txt,405,332,140,1,42.16867469879518,34.5679012345679,37.99185888738128,
/Users/himanshujindal/Downloads/Summaries - Multi-Doc Split/Benchmark/d18cc.txt,/Users/himanshujindal/Downloads/Summaries - Multi-Doc Split/Summaries/Gen_sum/doc18.txt,404,331,41,2,12.386706948640484,10.148514851485148,11.156462585034012,
/Users/himanshujindal/Downloads/Summaries - Multi-Doc Split/Benchmark/d18cc.txt,/Users/himanshujindal/Downloads/Summaries - Multi-Doc Split/Summaries/Gen_sum/doc18.txt,403,330,8,3,2.4242424242424243,1.9851116625310175,2.1828103683492497,
/Users/himanshujindal/Downloads/Summaries - Multi-Doc Split/Benchmark/d19dd.txt,/Users/himanshujindal/Downloads/Summaries - Multi-Doc Split/Summaries/Gen_sum/doc19.txt,420,292,153,1,52.397260273972606,36.42857142857143,42.97752808988764,
/Users/himanshujindal/Downloads/Summaries - Multi-Doc Split/Benchmark/d19dd.txt,/Users/himanshujindal/Downloads/Summaries - Multi-Doc Split/Summaries/Gen_sum/doc19.txt,419,291,46,2,15.807560137457045,10.978520286396181,12.957746478873238,
/Users/himanshujindal/Downloads/Summaries - Multi-Doc Split/Benchmark/d19dd.txt,/Users/himanshujindal/Downloads/Summaries - Multi-Doc Split/Summaries/Gen_sum/doc19.txt,418,290,15,3,5.172413793103448,3.588516746411483,4.2372881355932215,
/Users/himanshujindal/Downloads/Summaries - Multi-Doc Split/Benchmark/d20dd.txt,/Users/himanshujindal/Downloads/Summaries - Multi-Doc Split/Summaries/Gen_sum/doc20.txt,401,414,188,1,45.410628019323674,46.88279301745636,46.13496932515338,
/Users/himanshujindal/Downloads/Summaries - Multi-Doc Split/Benchmark/d20dd.txt,/Users/himanshujindal/Downloads/Summaries - Multi-Doc Split/Summaries/Gen_sum/doc20.txt,400,413,57,2,13.801452784503631,14.25,14.022140221402214,
/Users/himanshujindal/Downloads/Summaries - Multi-Doc Split/Benchmark/d20dd.txt,/Users/himanshujindal/Downloads/Summaries - Multi-Doc Split/Summaries/Gen_sum/doc20.txt,399,412,25,3,6.067961165048544,6.265664160401003,6.1652281134401985,
/Users/himanshujindal/Downloads/Summaries - Multi-Doc Split/Benchmark/d21dd.txt,/Users/himanshujindal/Downloads/Summaries - Multi-Doc Split/Summaries/Gen_sum/doc21.txt,399,212,105,1,49.528301886792455,26.31578947368421,34.36988543371522,
/Users/himanshujindal/Downloads/Summaries - Multi-Doc Split/Benchmark/d21dd.txt,/Users/himanshujindal/Downloads/Summaries - Multi-Doc Split/Summaries/Gen_sum/doc21.txt,398,211,18,2,8.530805687203792,4.522613065326633,5.911330049261084,
/Users/himanshujindal/Downloads/Summaries - Multi-Doc Split/Benchmark/d21dd.txt,/Users/himanshujindal/Downloads/Summaries - Multi-Doc Split/Summaries/Gen_sum/doc21.txt,397,210,6,3,2.857142857142857,1.5113350125944585,1.9769357495881386,
/Users/himanshujindal/Downloads/Summaries - Multi-Doc Split/Benchmark/d22dd.txt,/Users/himanshujindal/Downloads/Summaries - Multi-Doc Split/Summaries/Gen_sum/doc22.txt,399,367,151,1,41.14441416893733,37.84461152882206,39.425587467362924,
/Users/himanshujindal/Downloads/Summaries - Multi-Doc Split/Benchmark/d22dd.txt,/Users/himanshujindal/Downloads/Summaries - Multi-Doc Split/Summaries/Gen_sum/doc22.txt,398,366,25,2,6.830601092896175,6.28140703517588,6.544502617801047,
/Users/himanshujindal/Downloads/Summaries - Multi-Doc Split/Benchmark/d22dd.txt,/Users/himanshujindal/Downloads/Summaries - Multi-Doc Split/Summaries/Gen_sum/doc22.txt,397,365,4,3,1.095890410958904,1.0075566750629723,1.0498687664041995,
/Users/himanshujindal/Downloads/Summaries - Multi-Doc Split/Benchmark/d23dd.txt,/Users/himanshujindal/Downloads/Summaries - Multi-Doc Split/Summaries/Gen_sum/doc23.txt,404,492,190,1,38.61788617886179,47.02970297029703,42.410714285714285,
/Users/himanshujindal/Downloads/Summaries - Multi-Doc Split/Benchmark/d23dd.txt,/Users/himanshujindal/Downloads/Summaries - Multi-Doc Split/Summaries/Gen_sum/doc23.txt,403,491,46,2,9.368635437881874,11.41439205955335,10.29082774049217,
/Users/himanshujindal/Downloads/Summaries - Multi-Doc Split/Benchmark/d23dd.txt,/Users/himanshujindal/Downloads/Summaries - Multi-Doc Split/Summaries/Gen_sum/doc23.txt,402,490,19,3,3.877551020408163,4.72636815920398,4.260089686098654,
/Users/himanshujindal/Downloads/Summaries - Multi-Doc Split/Benchmark/d24dd.txt,/Users/himanshujindal/Downloads/Summaries - Multi-Doc Split/Summaries/Gen_sum/doc24.txt,401,200,127,1,63.5,31.67082294264339,42.26289517470882,
/Users/himanshujindal/Downloads/Summaries - Multi-Doc Split/Benchmark/d24dd.txt,/Users/himanshujindal/Downloads/Summaries - Multi-Doc Split/Summaries/Gen_sum/doc24.txt,400,199,50,2,25.12562814070352,12.5,16.69449081803005,
/Users/himanshujindal/Downloads/Summaries - Multi-Doc Split/Benchmark/d24dd.txt,/Users/himanshujindal/Downloads/Summaries - Multi-Doc Split/Summaries/Gen_sum/doc24.txt,399,198,27,3,13.636363636363637,6.7669172932330826,9.045226130653267,
/Users/himanshujindal/Downloads/Summaries - Multi-Doc Split/Benchmark/d25ee.txt,/Users/himanshujindal/Downloads/Summaries - Multi-Doc Split/Summaries/Gen_sum/doc25.txt,400,787,193,1,24.52350698856417,48.25,32.518955349620896,
/Users/himanshujindal/Downloads/Summaries - Multi-Doc Split/Benchmark/d25ee.txt,/Users/himanshujindal/Downloads/Summaries - Multi-Doc Split/Summaries/Gen_sum/doc25.txt,399,786,35,2,4.4529262086514,8.771929824561404,5.9071729957805905,
/Users/himanshujindal/Downloads/Summaries - Multi-Doc Split/Benchmark/d25ee.txt,/Users/himanshujindal/Downloads/Summaries - Multi-Doc Split/Summaries/Gen_sum/doc25.txt,398,785,8,3,1.019108280254777,2.0100502512562812,1.3524936601859678,
/Users/himanshujindal/Downloads/Summaries - Multi-Doc Split/Benchmark/d26ee.txt,/Users/himanshujindal/Downloads/Summaries - Multi-Doc Split/Summaries/Gen_sum/doc26.txt,397,218,93,1,42.6605504587156,23.425692695214106,30.243902439024392,
/Users/himanshujindal/Downloads/Summaries - Multi-Doc Split/Benchmark/d26ee.txt,/Users/himanshujindal/Downloads/Summaries - Multi-Doc Split/Summaries/Gen_sum/doc26.txt,396,217,12,2,5.529953917050691,3.0303030303030303,3.915171288743882,
/Users/himanshujindal/Downloads/Summaries - Multi-Doc Split/Benchmark/d26ee.txt,/Users/himanshujindal/Downloads/Summaries - Multi-Doc Split/Summaries/Gen_sum/doc26.txt,395,216,1,3,0.46296296296296297,0.25316455696202533,0.3273322422258592,
/Users/himanshujindal/Downloads/Summaries - Multi-Doc Split/Benchmark/d27ee.txt,/Users/himanshujindal/Downloads/Summaries - Multi-Doc Split/Summaries/Gen_sum/doc27.txt,398,620,200,1,32.25806451612903,50.25125628140704,39.29273084479371,
/Users/himanshujindal/Downloads/Summaries - Multi-Doc Split/Benchmark/d27ee.txt,/Users/himanshujindal/Downloads/Summaries - Multi-Doc Split/Summaries/Gen_sum/doc27.txt,397,619,38,2,6.138933764135703,9.571788413098236,7.48031496062992,
/Users/himanshujindal/Downloads/Summaries - Multi-Doc Split/Benchmark/d27ee.txt,/Users/himanshujindal/Downloads/Summaries - Multi-Doc Split/Summaries/Gen_sum/doc27.txt,396,618,10,3,1.6181229773462784,2.525252525252525,1.9723865877712032,
/Users/himanshujindal/Downloads/Summaries - Multi-Doc Split/Benchmark/d28ee.txt,/Users/himanshujindal/Downloads/Summaries - Multi-Doc Split/Summaries/Gen_sum/doc28.txt,400,519,195,1,37.57225433526011,48.75,42.43743199129488,
/Users/himanshujindal/Downloads/Summaries - Multi-Doc Split/Benchmark/d28ee.txt,/Users/himanshujindal/Downloads/Summaries - Multi-Doc Split/Summaries/Gen_sum/doc28.txt,399,518,28,2,5.405405405405405,7.017543859649122,6.106870229007634,
/Users/himanshujindal/Downloads/Summaries - Multi-Doc Split/Benchmark/d28ee.txt,/Users/himanshujindal/Downloads/Summaries - Multi-Doc Split/Summaries/Gen_sum/doc28.txt,398,517,5,3,0.9671179883945842,1.256281407035176,1.092896174863388,
/Users/himanshujindal/Downloads/Summaries - Multi-Doc Split/Benchmark/d29ee.txt,/Users/himanshujindal/Downloads/Summaries - Multi-Doc Split/Summaries/Gen_sum/doc29.txt,398,430,145,1,33.72093023255814,36.4321608040201,35.024154589371975,
/Users/himanshujindal/Downloads/Summaries - Multi-Doc Split/Benchmark/d29ee.txt,/Users/himanshujindal/Downloads/Summaries - Multi-Doc Split/Summaries/Gen_sum/doc29.txt,397,429,25,2,5.827505827505828,6.297229219143577,6.053268765133171,
/Users/himanshujindal/Downloads/Summaries - Multi-Doc Split/Benchmark/d29ee.txt,/Users/himanshujindal/Downloads/Summaries - Multi-Doc Split/Summaries/Gen_sum/doc29.txt,396,428,4,3,0.9345794392523364,1.0101010101010102,0.9708737864077671,
/Users/himanshujindal/Downloads/Summaries - Multi-Doc Split/Benchmark/d30ee.txt,/Users/himanshujindal/Downloads/Summaries - Multi-Doc Split/Summaries/Gen_sum/doc30.txt,401,446,181,1,40.582959641255606,45.13715710723192,42.73907910271547,
/Users/himanshujindal/Downloads/Summaries - Multi-Doc Split/Benchmark/d30ee.txt,/Users/himanshujindal/Downloads/Summaries - Multi-Doc Split/Summaries/Gen_sum/doc30.txt,400,445,38,2,8.539325842696629,9.5,8.994082840236686,
/Users/himanshujindal/Downloads/Summaries - Multi-Doc Split/Benchmark/d30ee.txt,/Users/himanshujindal/Downloads/Summaries - Multi-Doc Split/Summaries/Gen_sum/doc30.txt,399,444,9,3,2.027027027027027,2.255639097744361,2.1352313167259784,
/Users/himanshujindal/Downloads/Summaries - Multi-Doc Split/Benchmark/d32ff.txt,/Users/himanshujindal/Downloads/Summaries - Multi-Doc Split/Summaries/Gen_sum/doc32.txt,414,723,218,1,30.152143845089903,52.65700483091788,38.34652594547054,
/Users/himanshujindal/Downloads/Summaries - Multi-Doc Split/Benchmark/d32ff.txt,/Users/himanshujindal/Downloads/Summaries - Multi-Doc Split/Summaries/Gen_sum/doc32.txt,413,722,49,2,6.786703601108033,11.864406779661017,8.634361233480176,
/Users/himanshujindal/Downloads/Summaries - Multi-Doc Split/Benchmark/d32ff.txt,/Users/himanshujindal/Downloads/Summaries - Multi-Doc Split/Summaries/Gen_sum/doc32.txt,412,721,11,3,1.5256588072122053,2.6699029126213594,1.941747572815534,
/Users/himanshujindal/Downloads/Summaries - Multi-Doc Split/Benchmark/d33ff.txt,/Users/himanshujindal/Downloads/Summaries - Multi-Doc Split/Summaries/Gen_sum/doc33.txt,399,853,250,1,29.308323563892145,62.65664160401003,39.93610223642173,
/Users/himanshujindal/Downloads/Summaries - Multi-Doc Split/Benchmark/d33ff.txt,/Users/himanshujindal/Downloads/Summaries - Multi-Doc Split/Summaries/Gen_sum/doc33.txt,398,852,84,2,9.859154929577464,21.105527638190956,13.44,
/Users/himanshujindal/Downloads/Summaries - Multi-Doc Split/Benchmark/d33ff.txt,/Users/himanshujindal/Downloads/Summaries - Multi-Doc Split/Summaries/Gen_sum/doc33.txt,397,851,31,3,3.6427732079905994,7.8085642317380355,4.967948717948719,
/Users/himanshujindal/Downloads/Summaries - Multi-Doc Split/Benchmark/d34ff.txt,/Users/himanshujindal/Downloads/Summaries - Multi-Doc Split/Summaries/Gen_sum/doc34.txt,399,384,126,1,32.8125,31.57894736842105,32.18390804597701,
/Users/himanshujindal/Downloads/Summaries - Multi-Doc Split/Benchmark/d34ff.txt,/Users/himanshujindal/Downloads/Summaries - Multi-Doc Split/Summaries/Gen_sum/doc34.txt,398,383,14,2,3.6553524804177546,3.5175879396984926,3.585147247119078,
/Users/himanshujindal/Downloads/Summaries - Multi-Doc Split/Benchmark/d34ff.txt,/Users/himanshujindal/Downloads/Summaries - Multi-Doc Split/Summaries/Gen_sum/doc34.txt,397,382,3,3,0.7853403141361257,0.7556675062972292,0.7702182284980744,
/Users/himanshujindal/Downloads/Summaries - Multi-Doc Split/Benchmark/d35ff.txt,/Users/himanshujindal/Downloads/Summaries - Multi-Doc Split/Summaries/Gen_sum/doc35.txt,397,137,78,1,56.934306569343065,19.64735516372796,29.213483146067414,
/Users/himanshujindal/Downloads/Summaries - Multi-Doc Split/Benchmark/d35ff.txt,/Users/himanshujindal/Downloads/Summaries - Multi-Doc Split/Summaries/Gen_sum/doc35.txt,396,136,12,2,8.823529411764707,3.0303030303030303,4.511278195488721,
/Users/himanshujindal/Downloads/Summaries - Multi-Doc Split/Benchmark/d35ff.txt,/Users/himanshujindal/Downloads/Summaries - Multi-Doc Split/Summaries/Gen_sum/doc35.txt,395,135,2,3,1.4814814814814814,0.5063291139240507,0.7547169811320755,
/Users/himanshujindal/Downloads/Summaries - Multi-Doc Split/Benchmark/d36ff.txt,/Users/himanshujindal/Downloads/Summaries - Multi-Doc Split/Summaries/Gen_sum/doc36.txt,412,445,180,1,40.449438202247194,43.689320388349515,42.007001166861144,
/Users/himanshujindal/Downloads/Summaries - Multi-Doc Split/Benchmark/d36ff.txt,/Users/himanshujindal/Downloads/Summaries - Multi-Doc Split/Summaries/Gen_sum/doc36.txt,411,444,44,2,9.90990990990991,10.70559610705596,10.292397660818713,
/Users/himanshujindal/Downloads/Summaries - Multi-Doc Split/Benchmark/d36ff.txt,/Users/himanshujindal/Downloads/Summaries - Multi-Doc Split/Summaries/Gen_sum/doc36.txt,410,443,13,3,2.9345372460496613,3.1707317073170733,3.0480656506447827,
/Users/himanshujindal/Downloads/Summaries - Multi-Doc Split/Benchmark/d37gg.txt,/Users/himanshujindal/Downloads/Summaries - Multi-Doc Split/Summaries/Gen_sum/doc37.txt,399,373,133,1,35.656836461126005,33.333333333333336,34.45595854922279,
/Users/himanshujindal/Downloads/Summaries - Multi-Doc Split/Benchmark/d37gg.txt,/Users/himanshujindal/Downloads/Summaries - Multi-Doc Split/Summaries/Gen_sum/doc37.txt,398,372,26,2,6.989247311827957,6.532663316582915,6.753246753246754,
/Users/himanshujindal/Downloads/Summaries - Multi-Doc Split/Benchmark/d37gg.txt,/Users/himanshujindal/Downloads/Summaries - Multi-Doc Split/Summaries/Gen_sum/doc37.txt,397,371,9,3,2.4258760107816713,2.2670025188916876,2.34375,
/Users/himanshujindal/Downloads/Summaries - Multi-Doc Split/Benchmark/d38gg.txt,/Users/himanshujindal/Downloads/Summaries - Multi-Doc Split/Summaries/Gen_sum/doc38.txt,401,247,100,1,40.48582995951417,24.93765586034913,30.864197530864196,
/Users/himanshujindal/Downloads/Summaries - Multi-Doc Split/Benchmark/d38gg.txt,/Users/himanshujindal/Downloads/Summaries - Multi-Doc Split/Summaries/Gen_sum/doc38.txt,400,246,21,2,8.536585365853659,5.25,6.5015479876160995,
/Users/himanshujindal/Downloads/Summaries - Multi-Doc Split/Benchmark/d38gg.txt,/Users/himanshujindal/Downloads/Summaries - Multi-Doc Split/Summaries/Gen_sum/doc38.txt,399,245,14,3,5.714285714285714,3.508771929824561,4.3478260869565215,
/Users/himanshujindal/Downloads/Summaries - Multi-Doc Split/Benchmark/d39gg.txt,/Users/himanshujindal/Downloads/Summaries - Multi-Doc Split/Summaries/Gen_sum/doc39.txt,405,458,188,1,41.048034934497814,46.41975308641975,43.56894553881808,
/Users/himanshujindal/Downloads/Summaries - Multi-Doc Split/Benchmark/d39gg.txt,/Users/himanshujindal/Downloads/Summaries - Multi-Doc Split/Summaries/Gen_sum/doc39.txt,404,457,61,2,13.347921225382931,15.099009900990099,14.169570267131242,
/Users/himanshujindal/Downloads/Summaries - Multi-Doc Split/Benchmark/d39gg.txt,/Users/himanshujindal/Downloads/Summaries - Multi-Doc Split/Summaries/Gen_sum/doc39.txt,403,456,26,3,5.701754385964913,6.451612903225806,6.053550640279394,
/Users/himanshujindal/Downloads/Summaries - Multi-Doc Split/Benchmark/d40gg.txt,/Users/himanshujindal/Downloads/Summaries - Multi-Doc Split/Summaries/Gen_sum/doc40.txt,401,278,125,1,44.96402877697842,31.17206982543641,36.81885125184095,
/Users/himanshujindal/Downloads/Summaries - Multi-Doc Split/Benchmark/d40gg.txt,/Users/himanshujindal/Downloads/Summaries - Multi-Doc Split/Summaries/Gen_sum/doc40.txt,400,277,39,2,14.07942238267148,9.75,11.521418020679468,
/Users/himanshujindal/Downloads/Summaries - Multi-Doc Split/Benchmark/d40gg.txt,/Users/himanshujindal/Downloads/Summaries - Multi-Doc Split/Summaries/Gen_sum/doc40.txt,399,276,21,3,7.608695652173913,5.2631578947368425,6.222222222222222,
/Users/himanshujindal/Downloads/Summaries - Multi-Doc Split/Benchmark/d41gg.txt,/Users/himanshujindal/Downloads/Summaries - Multi-Doc Split/Summaries/Gen_sum/doc41.txt,397,548,178,1,32.481751824817515,44.83627204030227,37.67195767195767,
/Users/himanshujindal/Downloads/Summaries - Multi-Doc Split/Benchmark/d41gg.txt,/Users/himanshujindal/Downloads/Summaries - Multi-Doc Split/Summaries/Gen_sum/doc41.txt,396,547,30,2,5.484460694698354,7.575757575757576,6.362672322375397,
/Users/himanshujindal/Downloads/Summaries - Multi-Doc Split/Benchmark/d41gg.txt,/Users/himanshujindal/Downloads/Summaries - Multi-Doc Split/Summaries/Gen_sum/doc41.txt,395,546,7,3,1.2820512820512822,1.7721518987341771,1.4877789585547292,
/Users/himanshujindal/Downloads/Summaries - Multi-Doc Split/Benchmark/d42gg.txt,/Users/himanshujindal/Downloads/Summaries - Multi-Doc Split/Summaries/Gen_sum/doc42.txt,401,623,235,1,37.7207062600321,58.60349127182045,45.8984375,
/Users/himanshujindal/Downloads/Summaries - Multi-Doc Split/Benchmark/d42gg.txt,/Users/himanshujindal/Downloads/Summaries - Multi-Doc Split/Summaries/Gen_sum/doc42.txt,400,622,81,2,13.02250803858521,20.25,15.85127201565558,
/Users/himanshujindal/Downloads/Summaries - Multi-Doc Split/Benchmark/d42gg.txt,/Users/himanshujindal/Downloads/Summaries - Multi-Doc Split/Summaries/Gen_sum/doc42.txt,399,621,38,3,6.119162640901771,9.523809523809524,7.450980392156862,
/Users/himanshujindal/Downloads/Summaries - Multi-Doc Split/Benchmark/d43hh.txt,/Users/himanshujindal/Downloads/Summaries - Multi-Doc Split/Summaries/Gen_sum/doc43.txt,402,396,157,1,39.64646464646464,39.0547263681592,39.34837092731829,
/Users/himanshujindal/Downloads/Summaries - Multi-Doc Split/Benchmark/d43hh.txt,/Users/himanshujindal/Downloads/Summaries - Multi-Doc Split/Summaries/Gen_sum/doc43.txt,401,395,34,2,8.60759493670886,8.478802992518704,8.542713567839195,
/Users/himanshujindal/Downloads/Summaries - Multi-Doc Split/Benchmark/d43hh.txt,/Users/himanshujindal/Downloads/Summaries - Multi-Doc Split/Summaries/Gen_sum/doc43.txt,400,394,11,3,2.7918781725888326,2.75,2.770780856423174,
/Users/himanshujindal/Downloads/Summaries - Multi-Doc Split/Benchmark/d44hh.txt,/Users/himanshujindal/Downloads/Summaries - Multi-Doc Split/Summaries/Gen_sum/doc44.txt,400,381,135,1,35.43307086614173,33.75,34.571062740076826,
/Users/himanshujindal/Downloads/Summaries - Multi-Doc Split/Benchmark/d44hh.txt,/Users/himanshujindal/Downloads/Summaries - Multi-Doc Split/Summaries/Gen_sum/doc44.txt,399,380,18,2,4.7368421052631575,4.511278195488722,4.621309370988446,
/Users/himanshujindal/Downloads/Summaries - Multi-Doc Split/Benchmark/d44hh.txt,/Users/himanshujindal/Downloads/Summaries - Multi-Doc Split/Summaries/Gen_sum/doc44.txt,398,379,4,3,1.0554089709762533,1.0050251256281406,1.0296010296010296,
/Users/himanshujindal/Downloads/Summaries - Multi-Doc Split/Benchmark/d45hh.txt,/Users/himanshujindal/Downloads/Summaries - Multi-Doc Split/Summaries/Gen_sum/doc45.txt,406,338,109,1,32.248520710059175,26.84729064039409,29.301075268817208,
/Users/himanshujindal/Downloads/Summaries - Multi-Doc Split/Benchmark/d45hh.txt,/Users/himanshujindal/Downloads/Summaries - Multi-Doc Split/Summaries/Gen_sum/doc45.txt,405,337,13,2,3.857566765578635,3.2098765432098766,3.504043126684636,
/Users/himanshujindal/Downloads/Summaries - Multi-Doc Split/Benchmark/d45hh.txt,/Users/himanshujindal/Downloads/Summaries - Multi-Doc Split/Summaries/Gen_sum/doc45.txt,404,336,1,3,0.2976190476190476,0.24752475247524752,0.27027027027027023,
/Users/himanshujindal/Downloads/Summaries - Multi-Doc Split/Benchmark/d46hh.txt,/Users/himanshujindal/Downloads/Summaries - Multi-Doc Split/Summaries/Gen_sum/doc46.txt,400,191,115,1,60.20942408376963,28.75,38.917089678511,
/Users/himanshujindal/Downloads/Summaries - Multi-Doc Split/Benchmark/d46hh.txt,/Users/himanshujindal/Downloads/Summaries - Multi-Doc Split/Summaries/Gen_sum/doc46.txt,399,190,45,2,23.68421052631579,11.278195488721805,15.280135823429541,
/Users/himanshujindal/Downloads/Summaries - Multi-Doc Split/Benchmark/d46hh.txt,/Users/himanshujindal/Downloads/Summaries - Multi-Doc Split/Summaries/Gen_sum/doc46.txt,398,189,18,3,9.523809523809524,4.522613065326633,6.132879045996592,
/Users/himanshujindal/Downloads/Summaries - Multi-Doc Split/Benchmark/d47hh.txt,/Users/himanshujindal/Downloads/Summaries - Multi-Doc Split/Summaries/Gen_sum/doc47.txt,402,444,151,1,34.009009009009006,37.56218905472637,35.697399527186754,
/Users/himanshujindal/Downloads/Summaries - Multi-Doc Split/Benchmark/d47hh.txt,/Users/himanshujindal/Downloads/Summaries - Multi-Doc Split/Summaries/Gen_sum/doc47.txt,401,443,21,2,4.74040632054176,5.236907730673317,4.976303317535544,
/Users/himanshujindal/Downloads/Summaries - Multi-Doc Split/Benchmark/d47hh.txt,/Users/himanshujindal/Downloads/Summaries - Multi-Doc Split/Summaries/Gen_sum/doc47.txt,400,442,1,3,0.22624434389140272,0.25,0.23752969121140144,
/Users/himanshujindal/Downloads/Summaries - Multi-Doc Split/Benchmark/d48hh.txt,/Users/himanshujindal/Downloads/Summaries - Multi-Doc Split/Summaries/Gen_sum/doc48.txt,402,370,137,1,37.027027027027025,34.07960199004975,35.49222797927461,
/Users/himanshujindal/Downloads/Summaries - Multi-Doc Split/Benchmark/d48hh.txt,/Users/himanshujindal/Downloads/Summaries - Multi-Doc Split/Summaries/Gen_sum/doc48.txt,401,369,27,2,7.317073170731708,6.733167082294265,7.012987012987013,
/Users/himanshujindal/Downloads/Summaries - Multi-Doc Split/Benchmark/d48hh.txt,/Users/himanshujindal/Downloads/Summaries - Multi-Doc Split/Summaries/Gen_sum/doc48.txt,400,368,9,3,2.4456521739130435,2.25,2.34375,
/Users/himanshujindal/Downloads/Summaries - Multi-Doc Split/Benchmark/d49ii.txt,/Users/himanshujindal/Downloads/Summaries - Multi-Doc Split/Summaries/Gen_sum/doc49.txt,384,573,157,1,27.399650959860384,40.885416666666664,32.81086729362591,
/Users/himanshujindal/Downloads/Summaries - Multi-Doc Split/Benchmark/d49ii.txt,/Users/himanshujindal/Downloads/Summaries - Multi-Doc Split/Summaries/Gen_sum/doc49.txt,383,572,32,2,5.594405594405594,8.355091383812011,6.701570680628272,
/Users/himanshujindal/Downloads/Summaries - Multi-Doc Split/Benchmark/d49ii.txt,/Users/himanshujindal/Downloads/Summaries - Multi-Doc Split/Summaries/Gen_sum/doc49.txt,382,571,12,3,2.1015761821366024,3.141361256544503,2.5183630640083945,
/Users/himanshujindal/Downloads/Summaries - Multi-Doc Split/Benchmark/d50ii.txt,/Users/himanshujindal/Downloads/Summaries - Multi-Doc Split/Summaries/Gen_sum/doc50.txt,397,181,73,1,40.331491712707184,18.387909319899244,25.259515570934255,
/Users/himanshujindal/Downloads/Summaries - Multi-Doc Split/Benchmark/d50ii.txt,/Users/himanshujindal/Downloads/Summaries - Multi-Doc Split/Summaries/Gen_sum/doc50.txt,396,180,13,2,7.222222222222222,3.282828282828283,4.513888888888889,
/Users/himanshujindal/Downloads/Summaries - Multi-Doc Split/Benchmark/d50ii.txt,/Users/himanshujindal/Downloads/Summaries - Multi-Doc Split/Summaries/Gen_sum/doc50.txt,395,179,1,3,0.5586592178770949,0.25316455696202533,0.34843205574912894,
/Users/himanshujindal/Downloads/Summaries - Multi-Doc Split/Benchmark/d51ii.txt,/Users/himanshujindal/Downloads/Summaries - Multi-Doc Split/Summaries/Gen_sum/doc51.txt,404,223,102,1,45.73991031390135,25.247524752475247,32.535885167464116,
/Users/himanshujindal/Downloads/Summaries - Multi-Doc Split/Benchmark/d51ii.txt,/Users/himanshujindal/Downloads/Summaries - Multi-Doc Split/Summaries/Gen_sum/doc51.txt,403,222,33,2,14.864864864864865,8.188585607940446,10.56,
/Users/himanshujindal/Downloads/Summaries - Multi-Doc Split/Benchmark/d51ii.txt,/Users/himanshujindal/Downloads/Summaries - Multi-Doc Split/Summaries/Gen_sum/doc51.txt,402,221,9,3,4.072398190045249,2.2388059701492535,2.8892455858747987,
/Users/himanshujindal/Downloads/Summaries - Multi-Doc Split/Benchmark/d52ii.txt,/Users/himanshujindal/Downloads/Summaries - Multi-Doc Split/Summaries/Gen_sum/doc52.txt,411,417,179,1,42.92565947242206,43.552311435523116,43.23671497584541,
/Users/himanshujindal/Downloads/Summaries - Multi-Doc Split/Benchmark/d52ii.txt,/Users/himanshujindal/Downloads/Summaries - Multi-Doc Split/Summaries/Gen_sum/doc52.txt,410,416,56,2,13.461538461538462,13.658536585365853,13.559322033898304,
/Users/himanshujindal/Downloads/Summaries - Multi-Doc Split/Benchmark/d52ii.txt,/Users/himanshujindal/Downloads/Summaries - Multi-Doc Split/Summaries/Gen_sum/doc52.txt,409,415,17,3,4.096385542168675,4.156479217603912,4.126213592233009,
/Users/himanshujindal/Downloads/Summaries - Multi-Doc Split/Benchmark/d53ii.txt,/Users/himanshujindal/Downloads/Summaries - Multi-Doc Split/Summaries/Gen_sum/doc53.txt,419,440,168,1,38.18181818181818,40.09546539379475,39.115250291036084,
/Users/himanshujindal/Downloads/Summaries - Multi-Doc Split/Benchmark/d53ii.txt,/Users/himanshujindal/Downloads/Summaries - Multi-Doc Split/Summaries/Gen_sum/doc53.txt,418,439,43,2,9.79498861047836,10.287081339712918,10.035005834305718,
/Users/himanshujindal/Downloads/Summaries - Multi-Doc Split/Benchmark/d53ii.txt,/Users/himanshujindal/Downloads/Summaries - Multi-Doc Split/Summaries/Gen_sum/doc53.txt,417,438,13,3,2.9680365296803655,3.117505995203837,3.0409356725146206,
/Users/himanshujindal/Downloads/Summaries - Multi-Doc Split/Benchmark/d54ii.txt,/Users/himanshujindal/Downloads/Summaries - Multi-Doc Split/Summaries/Gen_sum/doc54.txt,399,454,152,1,33.480176211453745,38.095238095238095,35.63892145369285,
/Users/himanshujindal/Downloads/Summaries - Multi-Doc Split/Benchmark/d54ii.txt,/Users/himanshujindal/Downloads/Summaries - Multi-Doc Split/Summaries/Gen_sum/doc54.txt,398,453,24,2,5.298013245033113,6.030150753768845,5.640423031727379,
/Users/himanshujindal/Downloads/Summaries - Multi-Doc Split/Benchmark/d54ii.txt,/Users/himanshujindal/Downloads/Summaries - Multi-Doc Split/Summaries/Gen_sum/doc54.txt,397,452,3,3,0.6637168141592921,0.7556675062972292,0.7067137809187279,
/Users/himanshujindal/Downloads/Summaries - Multi-Doc Split/Benchmark/d55kk.txt,/Users/himanshujindal/Downloads/Summaries - Multi-Doc Split/Summaries/Gen_sum/doc55.txt,383,667,169,1,25.337331334332834,44.12532637075718,32.1904761904762,
/Users/himanshujindal/Downloads/Summaries - Multi-Doc Split/Benchmark/d55kk.txt,/Users/himanshujindal/Downloads/Summaries - Multi-Doc Split/Summaries/Gen_sum/doc55.txt,382,666,21,2,3.1531531531531534,5.49738219895288,4.00763358778626,
/Users/himanshujindal/Downloads/Summaries - Multi-Doc Split/Benchmark/d55kk.txt,/Users/himanshujindal/Downloads/Summaries - Multi-Doc Split/Summaries/Gen_sum/doc55.txt,381,665,6,3,0.9022556390977443,1.5748031496062993,1.1472275334608029,
/Users/himanshujindal/Downloads/Summaries - Multi-Doc Split/Benchmark/d56kk.txt,/Users/himanshujindal/Downloads/Summaries - Multi-Doc Split/Summaries/Gen_sum/doc56.txt,402,144,66,1,45.833333333333336,16.417910447761194,24.175824175824175,
/Users/himanshujindal/Downloads/Summaries - Multi-Doc Split/Benchmark/d56kk.txt,/Users/himanshujindal/Downloads/Summaries - Multi-Doc Split/Summaries/Gen_sum/doc56.txt,401,143,8,2,5.594405594405594,1.9950124688279303,2.941176470588235,
/Users/himanshujindal/Downloads/Summaries - Multi-Doc Split/Benchmark/d56kk.txt,/Users/himanshujindal/Downloads/Summaries - Multi-Doc Split/Summaries/Gen_sum/doc56.txt,400,142,0,3,0.0,0.0,NaN,
/Users/himanshujindal/Downloads/Summaries - Multi-Doc Split/Benchmark/d57kk.txt,/Users/himanshujindal/Downloads/Summaries - Multi-Doc Split/Summaries/Gen_sum/doc57.txt,402,241,102,1,42.32365145228216,25.37313432835821,31.726283048211503,
/Users/himanshujindal/Downloads/Summaries - Multi-Doc Split/Benchmark/d57kk.txt,/Users/himanshujindal/Downloads/Summaries - Multi-Doc Split/Summaries/Gen_sum/doc57.txt,401,240,17,2,7.083333333333333,4.239401496259352,5.30421216848674,
/Users/himanshujindal/Downloads/Summaries - Multi-Doc Split/Benchmark/d57kk.txt,/Users/himanshujindal/Downloads/Summaries - Multi-Doc Split/Summaries/Gen_sum/doc57.txt,400,239,2,3,0.8368200836820083,0.5,0.6259780907668232,
/Users/himanshujindal/Downloads/Summaries - Multi-Doc Split/Benchmark/d58kk.txt,/Users/himanshujindal/Downloads/Summaries - Multi-Doc Split/Summaries/Gen_sum/doc58.txt,401,568,161,1,28.345070422535212,40.14962593516209,33.23013415892673,
/Users/himanshujindal/Downloads/Summaries - Multi-Doc Split/Benchmark/d58kk.txt,/Users/himanshujindal/Downloads/Summaries - Multi-Doc Split/Summaries/Gen_sum/doc58.txt,400,567,26,2,4.585537918871252,6.5,5.377456049638055,
/Users/himanshujindal/Downloads/Summaries - Multi-Doc Split/Benchmark/d58kk.txt,/Users/himanshujindal/Downloads/Summaries - Multi-Doc Split/Summaries/Gen_sum/doc58.txt,399,566,5,3,0.8833922261484098,1.2531328320802004,1.0362694300518134,
/Users/himanshujindal/Downloads/Summaries - Multi-Doc Split/Benchmark/d59kk.txt,/Users/himanshujindal/Downloads/Summaries - Multi-Doc Split/Summaries/Gen_sum/doc59.txt,400,548,179,1,32.66423357664234,44.75,37.76371308016878,
/Users/himanshujindal/Downloads/Summaries - Multi-Doc Split/Benchmark/d59kk.txt,/Users/himanshujindal/Downloads/Summaries - Multi-Doc Split/Summaries/Gen_sum/doc59.txt,399,547,30,2,5.484460694698354,7.518796992481203,6.342494714587738,
/Users/himanshujindal/Downloads/Summaries - Multi-Doc Split/Benchmark/d59kk.txt,/Users/himanshujindal/Downloads/Summaries - Multi-Doc Split/Summaries/Gen_sum/doc59.txt,398,546,4,3,0.7326007326007326,1.0050251256281406,0.847457627118644,
/Users/himanshujindal/Downloads/Summaries - Multi-Doc Split/Benchmark/d60kk.txt,/Users/himanshujindal/Downloads/Summaries - Multi-Doc Split/Summaries/Gen_sum/doc60.txt,411,538,180,1,33.45724907063197,43.7956204379562,37.93466807165437,
/Users/himanshujindal/Downloads/Summaries - Multi-Doc Split/Benchmark/d60kk.txt,/Users/himanshujindal/Downloads/Summaries - Multi-Doc Split/Summaries/Gen_sum/doc60.txt,410,537,40,2,7.4487895716946,9.75609756097561,8.447729672650475,
/Users/himanshujindal/Downloads/Summaries - Multi-Doc Split/Benchmark/d60kk.txt,/Users/himanshujindal/Downloads/Summaries - Multi-Doc Split/Summaries/Gen_sum/doc60.txt,409,536,12,3,2.2388059701492535,2.93398533007335,2.53968253968254,
